,Representation,OR: OUTC,p-v: OUTC,OR: RT_P,p-v: RT_P,OR: Dece,p-v: Dece
0,X-ray,1.2222222222222223,0.6358280026288411,0.09433962264150944,3.496476719266894e-11,3.076923076923077,0.0002685401188191604
1,CT,2.7142857142857144,0.02895927429199217,2.0,0.6875000000000002,2.142857142857143,0.13380050659179688
